93,41,75,124,51,7,140,49,18,141,164,284,149,77,5,15,184,185,van,,,#¡DIV/0!,#¡DIV/0!,#¡DIV/0!,#¡DIV/0!,#¡DIV/0!,#¡DIV/0!,#¡DIV/0!,#¡DIV/0!,#¡DIV/0!,#¡DIV/0!,#¡DIV/0!,#¡DIV/0!,#¡DIV/0!,#¡DIV/0!,#¡DIV/0!,#¡DIV/0!,#¡DIV/0!,#¡DIV/0!
95,38,66,126,52,8,133,52,18,140,158,253,140,78,11,8,184,183,van,,,#¡DIV/0!,#¡DIV/0!,#¡DIV/0!,#¡DIV/0!,#¡DIV/0!,#¡DIV/0!,#¡DIV/0!,#¡DIV/0!,#¡DIV/0!,#¡DIV/0!,#¡DIV/0!,#¡DIV/0!,#¡DIV/0!,#¡DIV/0!,#¡DIV/0!,#¡DIV/0!,#¡DIV/0!,#¡DIV/0!
84,44,80,140,58,11,156,44,20,157,166,349,176,74,5,17,183,193,van,,,#¡DIV/0!,#¡DIV/0!,#¡DIV/0!,#¡DIV/0!,#¡DIV/0!,#¡DIV/0!,#¡DIV/0!,#¡DIV/0!,#¡DIV/0!,#¡DIV/0!,#¡DIV/0!,#¡DIV/0!,#¡DIV/0!,#¡DIV/0!,#¡DIV/0!,#¡DIV/0!,#¡DIV/0!,#¡DIV/0!
93,47,85,161,65,12,155,43,19,157,179,354,178,76,2,9,184,196,van,,,#¡DIV/0!,#¡DIV/0!,#¡DIV/0!,#¡DIV/0!,#¡DIV/0!,#¡DIV/0!,#¡DIV/0!,#¡DIV/0!,#¡DIV/0!,#¡DIV/0!,#¡DIV/0!,#¡DIV/0!,#¡DIV/0!,#¡DIV/0!,#¡DIV/0!,#¡DIV/0!,#¡DIV/0!,#¡DIV/0!
89,40,60,131,56,6,118,56,17,137,143,209,153,65,10,8,193,199,van,,,#¡DIV/0!,#¡DIV/0!,#¡DIV/0!,#¡DIV/0!,#¡DIV/0!,#¡DIV/0!,#¡DIV/0!,#¡DIV/0!,#¡DIV/0!,#¡DIV/0!,#¡DIV/0!,#¡DIV/0!,#¡DIV/0!,#¡DIV/0!,#¡DIV/0!,#¡DIV/0!,#¡DIV/0!,#¡DIV/0!
89,35,70,138,58,7,126,53,17,128,147,237,112,64,4,19,199,207,van,,,#¡DIV/0!,#¡DIV/0!,#¡DIV/0!,#¡DIV/0!,#¡DIV/0!,#¡DIV/0!,#¡DIV/0!,#¡DIV/0!,#¡DIV/0!,#¡DIV/0!,#¡DIV/0!,#¡DIV/0!,#¡DIV/0!,#¡DIV/0!,#¡DIV/0!,#¡DIV/0!,#¡DIV/0!,#¡DIV/0!
86,39,60,140,60,7,119,55,17,134,140,212,141,61,7,8,200,207,van,,,#¡DIV/0!,#¡DIV/0!,#¡DIV/0!,#¡DIV/0!,#¡DIV/0!,#¡DIV/0!,#¡DIV/0!,#¡DIV/0!,#¡DIV/0!,#¡DIV/0!,#¡DIV/0!,#¡DIV/0!,#¡DIV/0!,#¡DIV/0!,#¡DIV/0!,#¡DIV/0!,#¡DIV/0!,#¡DIV/0!
83,37,62,113,53,6,122,55,17,129,143,218,135,79,0,7,181,185,van,,,#¡DIV/0!,#¡DIV/0!,#¡DIV/0!,#¡DIV/0!,#¡DIV/0!,#¡DIV/0!,#¡DIV/0!,#¡DIV/0!,#¡DIV/0!,#¡DIV/0!,#¡DIV/0!,#¡DIV/0!,#¡DIV/0!,#¡DIV/0!,#¡DIV/0!,#¡DIV/0!,#¡DIV/0!,#¡DIV/0!
91,43,88,157,61,9,149,45,19,157,165,326,140,64,1,26,197,207,van,,,#¡DIV/0!,#¡DIV/0!,#¡DIV/0!,#¡DIV/0!,#¡DIV/0!,#¡DIV/0!,#¡DIV/0!,#¡DIV/0!,#¡DIV/0!,#¡DIV/0!,#¡DIV/0!,#¡DIV/0!,#¡DIV/0!,#¡DIV/0!,#¡DIV/0!,#¡DIV/0!,#¡DIV/0!,#¡DIV/0!
96,45,80,162,63,9,146,46,19,148,161,316,161,64,5,10,199,207,van,,,#¡DIV/0!,#¡DIV/0!,#¡DIV/0!,#¡DIV/0!,#¡DIV/0!,#¡DIV/0!,#¡DIV/0!,#¡DIV/0!,#¡DIV/0!,#¡DIV/0!,#¡DIV/0!,#¡DIV/0!,#¡DIV/0!,#¡DIV/0!,#¡DIV/0!,#¡DIV/0!,#¡DIV/0!,#¡DIV/0!
89,46,77,125,52,10,156,44,20,160,171,351,177,78,7,17,183,191,van,,,#¡DIV/0!,#¡DIV/0!,#¡DIV/0!,#¡DIV/0!,#¡DIV/0!,#¡DIV/0!,#¡DIV/0!,#¡DIV/0!,#¡DIV/0!,#¡DIV/0!,#¡DIV/0!,#¡DIV/0!,#¡DIV/0!,#¡DIV/0!,#¡DIV/0!,#¡DIV/0!,#¡DIV/0!,#¡DIV/0!
88,43,84,136,55,11,154,44,19,150,174,350,164,73,6,2,185,196,van,,,#¡DIV/0!,#¡DIV/0!,#¡DIV/0!,#¡DIV/0!,#¡DIV/0!,#¡DIV/0!,#¡DIV/0!,#¡DIV/0!,#¡DIV/0!,#¡DIV/0!,#¡DIV/0!,#¡DIV/0!,#¡DIV/0!,#¡DIV/0!,#¡DIV/0!,#¡DIV/0!,#¡DIV/0!,#¡DIV/0!
98,38,66,130,55,7,130,51,18,138,160,251,123,69,3,12,191,194,van,,,#¡DIV/0!,#¡DIV/0!,#¡DIV/0!,#¡DIV/0!,#¡DIV/0!,#¡DIV/0!,#¡DIV/0!,#¡DIV/0!,#¡DIV/0!,#¡DIV/0!,#¡DIV/0!,#¡DIV/0!,#¡DIV/0!,#¡DIV/0!,#¡DIV/0!,#¡DIV/0!,#¡DIV/0!,#¡DIV/0!
89,45,81,246,102,43,155,44,20,160,200,347,177,90,9,17,183,192,van,,,#¡DIV/0!,#¡DIV/0!,#¡DIV/0!,#¡DIV/0!,#¡DIV/0!,#¡DIV/0!,#¡DIV/0!,#¡DIV/0!,#¡DIV/0!,#¡DIV/0!,#¡DIV/0!,#¡DIV/0!,#¡DIV/0!,#¡DIV/0!,#¡DIV/0!,#¡DIV/0!,#¡DIV/0!,#¡DIV/0!
93,36,63,139,57,8,132,50,18,136,158,260,121,67,3,27,193,201,van,,,#¡DIV/0!,#¡DIV/0!,#¡DIV/0!,#¡DIV/0!,#¡DIV/0!,#¡DIV/0!,#¡DIV/0!,#¡DIV/0!,#¡DIV/0!,#¡DIV/0!,#¡DIV/0!,#¡DIV/0!,#¡DIV/0!,#¡DIV/0!,#¡DIV/0!,#¡DIV/0!,#¡DIV/0!,#¡DIV/0!
89,36,68,149,60,8,133,50,18,134,153,265,119,62,6,18,201,209,van,,,#¡DIV/0!,#¡DIV/0!,#¡DIV/0!,#¡DIV/0!,#¡DIV/0!,#¡DIV/0!,#¡DIV/0!,#¡DIV/0!,#¡DIV/0!,#¡DIV/0!,#¡DIV/0!,#¡DIV/0!,#¡DIV/0!,#¡DIV/0!,#¡DIV/0!,#¡DIV/0!,#¡DIV/0!,#¡DIV/0!
93,45,83,142,56,10,157,43,20,155,180,364,188,75,1,21,184,197,van,,,#¡DIV/0!,#¡DIV/0!,#¡DIV/0!,#¡DIV/0!,#¡DIV/0!,#¡DIV/0!,#¡DIV/0!,#¡DIV/0!,#¡DIV/0!,#¡DIV/0!,#¡DIV/0!,#¡DIV/0!,#¡DIV/0!,#¡DIV/0!,#¡DIV/0!,#¡DIV/0!,#¡DIV/0!,#¡DIV/0!
93,40,62,117,49,7,131,52,18,145,160,249,156,78,8,6,184,184,van,,,#¡DIV/0!,#¡DIV/0!,#¡DIV/0!,#¡DIV/0!,#¡DIV/0!,#¡DIV/0!,#¡DIV/0!,#¡DIV/0!,#¡DIV/0!,#¡DIV/0!,#¡DIV/0!,#¡DIV/0!,#¡DIV/0!,#¡DIV/0!,#¡DIV/0!,#¡DIV/0!,#¡DIV/0!,#¡DIV/0!
91,41,66,131,56,9,126,53,18,144,159,237,155,72,3,10,191,194,van,,,#¡DIV/0!,#¡DIV/0!,#¡DIV/0!,#¡DIV/0!,#¡DIV/0!,#¡DIV/0!,#¡DIV/0!,#¡DIV/0!,#¡DIV/0!,#¡DIV/0!,#¡DIV/0!,#¡DIV/0!,#¡DIV/0!,#¡DIV/0!,#¡DIV/0!,#¡DIV/0!,#¡DIV/0!,#¡DIV/0!
89,37,51,111,54,5,120,56,17,127,138,213,147,82,7,4,181,183,van,,,#¡DIV/0!,#¡DIV/0!,#¡DIV/0!,#¡DIV/0!,#¡DIV/0!,#¡DIV/0!,#¡DIV/0!,#¡DIV/0!,#¡DIV/0!,#¡DIV/0!,#¡DIV/0!,#¡DIV/0!,#¡DIV/0!,#¡DIV/0!,#¡DIV/0!,#¡DIV/0!,#¡DIV/0!,#¡DIV/0!
93,43,88,170,66,9,150,45,19,147,164,334,143,65,2,17,196,206,van,,,#¡DIV/0!,#¡DIV/0!,#¡DIV/0!,#¡DIV/0!,#¡DIV/0!,#¡DIV/0!,#¡DIV/0!,#¡DIV/0!,#¡DIV/0!,#¡DIV/0!,#¡DIV/0!,#¡DIV/0!,#¡DIV/0!,#¡DIV/0!,#¡DIV/0!,#¡DIV/0!,#¡DIV/0!,#¡DIV/0!
98,44,78,160,63,8,142,47,18,148,160,300,171,63,19,2,201,207,van,,,#¡DIV/0!,#¡DIV/0!,#¡DIV/0!,#¡DIV/0!,#¡DIV/0!,#¡DIV/0!,#¡DIV/0!,#¡DIV/0!,#¡DIV/0!,#¡DIV/0!,#¡DIV/0!,#¡DIV/0!,#¡DIV/0!,#¡DIV/0!,#¡DIV/0!,#¡DIV/0!,#¡DIV/0!,#¡DIV/0!
89,44,76,125,54,10,156,44,20,151,163,352,176,76,12,12,184,193,van,,,#¡DIV/0!,#¡DIV/0!,#¡DIV/0!,#¡DIV/0!,#¡DIV/0!,#¡DIV/0!,#¡DIV/0!,#¡DIV/0!,#¡DIV/0!,#¡DIV/0!,#¡DIV/0!,#¡DIV/0!,#¡DIV/0!,#¡DIV/0!,#¡DIV/0!,#¡DIV/0!,#¡DIV/0!,#¡DIV/0!
97,45,91,161,63,10,151,45,19,148,166,334,171,65,18,20,197,205,van,,,#¡DIV/0!,#¡DIV/0!,#¡DIV/0!,#¡DIV/0!,#¡DIV/0!,#¡DIV/0!,#¡DIV/0!,#¡DIV/0!,#¡DIV/0!,#¡DIV/0!,#¡DIV/0!,#¡DIV/0!,#¡DIV/0!,#¡DIV/0!,#¡DIV/0!,#¡DIV/0!,#¡DIV/0!,#¡DIV/0!
95,44,84,158,62,10,145,46,19,148,163,312,166,64,10,6,199,206,van,,,#¡DIV/0!,#¡DIV/0!,#¡DIV/0!,#¡DIV/0!,#¡DIV/0!,#¡DIV/0!,#¡DIV/0!,#¡DIV/0!,#¡DIV/0!,#¡DIV/0!,#¡DIV/0!,#¡DIV/0!,#¡DIV/0!,#¡DIV/0!,#¡DIV/0!,#¡DIV/0!,#¡DIV/0!,#¡DIV/0!
91,46,78,148,61,9,147,45,19,152,168,323,199,70,13,11,189,200,van,,,#¡DIV/0!,#¡DIV/0!,#¡DIV/0!,#¡DIV/0!,#¡DIV/0!,#¡DIV/0!,#¡DIV/0!,#¡DIV/0!,#¡DIV/0!,#¡DIV/0!,#¡DIV/0!,#¡DIV/0!,#¡DIV/0!,#¡DIV/0!,#¡DIV/0!,#¡DIV/0!,#¡DIV/0!,#¡DIV/0!
89,47,85,147,58,10,153,44,19,151,175,349,186,74,13,7,186,197,van,,,#¡DIV/0!,#¡DIV/0!,#¡DIV/0!,#¡DIV/0!,#¡DIV/0!,#¡DIV/0!,#¡DIV/0!,#¡DIV/0!,#¡DIV/0!,#¡DIV/0!,#¡DIV/0!,#¡DIV/0!,#¡DIV/0!,#¡DIV/0!,#¡DIV/0!,#¡DIV/0!,#¡DIV/0!,#¡DIV/0!
90,47,85,149,60,10,155,43,19,155,179,355,186,75,1,5,185,196,van,,,#¡DIV/0!,#¡DIV/0!,#¡DIV/0!,#¡DIV/0!,#¡DIV/0!,#¡DIV/0!,#¡DIV/0!,#¡DIV/0!,#¡DIV/0!,#¡DIV/0!,#¡DIV/0!,#¡DIV/0!,#¡DIV/0!,#¡DIV/0!,#¡DIV/0!,#¡DIV/0!,#¡DIV/0!,#¡DIV/0!
97,47,87,164,64,9,156,43,20,149,173,359,182,68,1,13,192,202,van,,,#¡DIV/0!,#¡DIV/0!,#¡DIV/0!,#¡DIV/0!,#¡DIV/0!,#¡DIV/0!,#¡DIV/0!,#¡DIV/0!,#¡DIV/0!,#¡DIV/0!,#¡DIV/0!,#¡DIV/0!,#¡DIV/0!,#¡DIV/0!,#¡DIV/0!,#¡DIV/0!,#¡DIV/0!,#¡DIV/0!
87,36,53,117,58,4,118,57,17,125,138,205,138,85,9,15,180,183,van,,,#¡DIV/0!,#¡DIV/0!,#¡DIV/0!,#¡DIV/0!,#¡DIV/0!,#¡DIV/0!,#¡DIV/0!,#¡DIV/0!,#¡DIV/0!,#¡DIV/0!,#¡DIV/0!,#¡DIV/0!,#¡DIV/0!,#¡DIV/0!,#¡DIV/0!,#¡DIV/0!,#¡DIV/0!,#¡DIV/0!
94,49,87,159,64,10,157,43,20,158,179,363,203,75,4,0,183,194,van,,,#¡DIV/0!,#¡DIV/0!,#¡DIV/0!,#¡DIV/0!,#¡DIV/0!,#¡DIV/0!,#¡DIV/0!,#¡DIV/0!,#¡DIV/0!,#¡DIV/0!,#¡DIV/0!,#¡DIV/0!,#¡DIV/0!,#¡DIV/0!,#¡DIV/0!,#¡DIV/0!,#¡DIV/0!,#¡DIV/0!
90,47,85,145,58,9,152,44,19,155,175,345,184,73,4,2,186,197,van,,,#¡DIV/0!,#¡DIV/0!,#¡DIV/0!,#¡DIV/0!,#¡DIV/0!,#¡DIV/0!,#¡DIV/0!,#¡DIV/0!,#¡DIV/0!,#¡DIV/0!,#¡DIV/0!,#¡DIV/0!,#¡DIV/0!,#¡DIV/0!,#¡DIV/0!,#¡DIV/0!,#¡DIV/0!,#¡DIV/0!
94,47,85,333,138,49,155,43,19,155,320,354,187,135,12,9,188,196,van,,,#¡DIV/0!,#¡DIV/0!,#¡DIV/0!,#¡DIV/0!,#¡DIV/0!,#¡DIV/0!,#¡DIV/0!,#¡DIV/0!,#¡DIV/0!,#¡DIV/0!,#¡DIV/0!,#¡DIV/0!,#¡DIV/0!,#¡DIV/0!,#¡DIV/0!,#¡DIV/0!,#¡DIV/0!,#¡DIV/0!
91,38,70,160,66,25,140,47,18,139,162,296,130,67,4,11,192,202,van,,,#¡DIV/0!,#¡DIV/0!,#¡DIV/0!,#¡DIV/0!,#¡DIV/0!,#¡DIV/0!,#¡DIV/0!,#¡DIV/0!,#¡DIV/0!,#¡DIV/0!,#¡DIV/0!,#¡DIV/0!,#¡DIV/0!,#¡DIV/0!,#¡DIV/0!,#¡DIV/0!,#¡DIV/0!,#¡DIV/0!
93,44,90,166,65,10,153,44,19,156,170,348,143,66,9,17,194,203,van,,,#¡DIV/0!,#¡DIV/0!,#¡DIV/0!,#¡DIV/0!,#¡DIV/0!,#¡DIV/0!,#¡DIV/0!,#¡DIV/0!,#¡DIV/0!,#¡DIV/0!,#¡DIV/0!,#¡DIV/0!,#¡DIV/0!,#¡DIV/0!,#¡DIV/0!,#¡DIV/0!,#¡DIV/0!,#¡DIV/0!
87,42,64,150,64,10,133,50,18,141,157,265,159,67,7,0,193,201,van,,,#¡DIV/0!,#¡DIV/0!,#¡DIV/0!,#¡DIV/0!,#¡DIV/0!,#¡DIV/0!,#¡DIV/0!,#¡DIV/0!,#¡DIV/0!,#¡DIV/0!,#¡DIV/0!,#¡DIV/0!,#¡DIV/0!,#¡DIV/0!,#¡DIV/0!,#¡DIV/0!,#¡DIV/0!,#¡DIV/0!
96,39,77,160,62,8,140,47,18,150,161,294,124,62,15,3,201,208,van,,,#¡DIV/0!,#¡DIV/0!,#¡DIV/0!,#¡DIV/0!,#¡DIV/0!,#¡DIV/0!,#¡DIV/0!,#¡DIV/0!,#¡DIV/0!,#¡DIV/0!,#¡DIV/0!,#¡DIV/0!,#¡DIV/0!,#¡DIV/0!,#¡DIV/0!,#¡DIV/0!,#¡DIV/0!,#¡DIV/0!
85,45,82,133,56,11,159,43,20,156,170,362,173,76,10,21,183,193,van,,,#¡DIV/0!,#¡DIV/0!,#¡DIV/0!,#¡DIV/0!,#¡DIV/0!,#¡DIV/0!,#¡DIV/0!,#¡DIV/0!,#¡DIV/0!,#¡DIV/0!,#¡DIV/0!,#¡DIV/0!,#¡DIV/0!,#¡DIV/0!,#¡DIV/0!,#¡DIV/0!,#¡DIV/0!,#¡DIV/0!
96,39,58,117,51,6,133,52,18,139,154,255,150,86,6,0,181,182,van,,,#¡DIV/0!,#¡DIV/0!,#¡DIV/0!,#¡DIV/0!,#¡DIV/0!,#¡DIV/0!,#¡DIV/0!,#¡DIV/0!,#¡DIV/0!,#¡DIV/0!,#¡DIV/0!,#¡DIV/0!,#¡DIV/0!,#¡DIV/0!,#¡DIV/0!,#¡DIV/0!,#¡DIV/0!,#¡DIV/0!
84,37,70,145,62,9,136,48,18,134,159,280,140,68,11,9,194,202,van,,,#¡DIV/0!,#¡DIV/0!,#¡DIV/0!,#¡DIV/0!,#¡DIV/0!,#¡DIV/0!,#¡DIV/0!,#¡DIV/0!,#¡DIV/0!,#¡DIV/0!,#¡DIV/0!,#¡DIV/0!,#¡DIV/0!,#¡DIV/0!,#¡DIV/0!,#¡DIV/0!,#¡DIV/0!,#¡DIV/0!
85,37,68,145,60,6,130,51,18,130,150,253,121,65,3,14,195,203,van,,,#¡DIV/0!,#¡DIV/0!,#¡DIV/0!,#¡DIV/0!,#¡DIV/0!,#¡DIV/0!,#¡DIV/0!,#¡DIV/0!,#¡DIV/0!,#¡DIV/0!,#¡DIV/0!,#¡DIV/0!,#¡DIV/0!,#¡DIV/0!,#¡DIV/0!,#¡DIV/0!,#¡DIV/0!,#¡DIV/0!
93,42,64,123,51,7,135,51,18,144,164,262,155,78,16,12,185,185,van,,,#¡DIV/0!,#¡DIV/0!,#¡DIV/0!,#¡DIV/0!,#¡DIV/0!,#¡DIV/0!,#¡DIV/0!,#¡DIV/0!,#¡DIV/0!,#¡DIV/0!,#¡DIV/0!,#¡DIV/0!,#¡DIV/0!,#¡DIV/0!,#¡DIV/0!,#¡DIV/0!,#¡DIV/0!,#¡DIV/0!
90,47,73,136,58,11,161,42,20,153,172,376,185,77,11,8,183,191,van,,,#¡DIV/0!,#¡DIV/0!,#¡DIV/0!,#¡DIV/0!,#¡DIV/0!,#¡DIV/0!,#¡DIV/0!,#¡DIV/0!,#¡DIV/0!,#¡DIV/0!,#¡DIV/0!,#¡DIV/0!,#¡DIV/0!,#¡DIV/0!,#¡DIV/0!,#¡DIV/0!,#¡DIV/0!,#¡DIV/0!
91,36,60,126,56,6,119,56,17,130,139,211,118,67,6,14,192,198,van,,,#¡DIV/0!,#¡DIV/0!,#¡DIV/0!,#¡DIV/0!,#¡DIV/0!,#¡DIV/0!,#¡DIV/0!,#¡DIV/0!,#¡DIV/0!,#¡DIV/0!,#¡DIV/0!,#¡DIV/0!,#¡DIV/0!,#¡DIV/0!,#¡DIV/0!,#¡DIV/0!,#¡DIV/0!,#¡DIV/0!
89,46,74,135,59,9,157,44,20,158,170,356,177,79,12,3,184,191,van,,,#¡DIV/0!,#¡DIV/0!,#¡DIV/0!,#¡DIV/0!,#¡DIV/0!,#¡DIV/0!,#¡DIV/0!,#¡DIV/0!,#¡DIV/0!,#¡DIV/0!,#¡DIV/0!,#¡DIV/0!,#¡DIV/0!,#¡DIV/0!,#¡DIV/0!,#¡DIV/0!,#¡DIV/0!,#¡DIV/0!
91,39,82,164,68,10,143,46,19,137,164,308,158,68,13,9,191,201,van,,,#¡DIV/0!,#¡DIV/0!,#¡DIV/0!,#¡DIV/0!,#¡DIV/0!,#¡DIV/0!,#¡DIV/0!,#¡DIV/0!,#¡DIV/0!,#¡DIV/0!,#¡DIV/0!,#¡DIV/0!,#¡DIV/0!,#¡DIV/0!,#¡DIV/0!,#¡DIV/0!,#¡DIV/0!,#¡DIV/0!
92,43,70,124,52,6,139,49,18,144,164,282,172,79,4,16,183,185,van,,,#¡DIV/0!,#¡DIV/0!,#¡DIV/0!,#¡DIV/0!,#¡DIV/0!,#¡DIV/0!,#¡DIV/0!,#¡DIV/0!,#¡DIV/0!,#¡DIV/0!,#¡DIV/0!,#¡DIV/0!,#¡DIV/0!,#¡DIV/0!,#¡DIV/0!,#¡DIV/0!,#¡DIV/0!,#¡DIV/0!
83,45,73,161,68,8,142,46,18,144,169,305,179,71,10,3,191,199,van,,,#¡DIV/0!,#¡DIV/0!,#¡DIV/0!,#¡DIV/0!,#¡DIV/0!,#¡DIV/0!,#¡DIV/0!,#¡DIV/0!,#¡DIV/0!,#¡DIV/0!,#¡DIV/0!,#¡DIV/0!,#¡DIV/0!,#¡DIV/0!,#¡DIV/0!,#¡DIV/0!,#¡DIV/0!,#¡DIV/0!
90,41,62,147,60,6,128,52,18,141,149,246,157,61,13,4,201,208,van,,,#¡DIV/0!,#¡DIV/0!,#¡DIV/0!,#¡DIV/0!,#¡DIV/0!,#¡DIV/0!,#¡DIV/0!,#¡DIV/0!,#¡DIV/0!,#¡DIV/0!,#¡DIV/0!,#¡DIV/0!,#¡DIV/0!,#¡DIV/0!,#¡DIV/0!,#¡DIV/0!,#¡DIV/0!,#¡DIV/0!
92,40,62,144,59,8,127,52,17,139,149,241,150,62,13,1,204,210,van,,,#¡DIV/0!,#¡DIV/0!,#¡DIV/0!,#¡DIV/0!,#¡DIV/0!,#¡DIV/0!,#¡DIV/0!,#¡DIV/0!,#¡DIV/0!,#¡DIV/0!,#¡DIV/0!,#¡DIV/0!,#¡DIV/0!,#¡DIV/0!,#¡DIV/0!,#¡DIV/0!,#¡DIV/0!,#¡DIV/0!
91,44,66,151,63,7,137,48,18,146,166,280,167,72,1,9,188,194,van,,,#¡DIV/0!,#¡DIV/0!,#¡DIV/0!,#¡DIV/0!,#¡DIV/0!,#¡DIV/0!,#¡DIV/0!,#¡DIV/0!,#¡DIV/0!,#¡DIV/0!,#¡DIV/0!,#¡DIV/0!,#¡DIV/0!,#¡DIV/0!,#¡DIV/0!,#¡DIV/0!,#¡DIV/0!,#¡DIV/0!
89,46,78,150,63,11,160,43,20,160,170,367,176,73,5,9,185,194,van,,,#¡DIV/0!,#¡DIV/0!,#¡DIV/0!,#¡DIV/0!,#¡DIV/0!,#¡DIV/0!,#¡DIV/0!,#¡DIV/0!,#¡DIV/0!,#¡DIV/0!,#¡DIV/0!,#¡DIV/0!,#¡DIV/0!,#¡DIV/0!,#¡DIV/0!,#¡DIV/0!,#¡DIV/0!,#¡DIV/0!
86,38,76,143,59,8,142,47,18,131,167,301,138,71,5,10,189,196,van,,,#¡DIV/0!,#¡DIV/0!,#¡DIV/0!,#¡DIV/0!,#¡DIV/0!,#¡DIV/0!,#¡DIV/0!,#¡DIV/0!,#¡DIV/0!,#¡DIV/0!,#¡DIV/0!,#¡DIV/0!,#¡DIV/0!,#¡DIV/0!,#¡DIV/0!,#¡DIV/0!,#¡DIV/0!,#¡DIV/0!
90,48,78,143,60,11,161,43,20,159,172,374,186,75,2,2,184,193,van,,,#¡DIV/0!,#¡DIV/0!,#¡DIV/0!,#¡DIV/0!,#¡DIV/0!,#¡DIV/0!,#¡DIV/0!,#¡DIV/0!,#¡DIV/0!,#¡DIV/0!,#¡DIV/0!,#¡DIV/0!,#¡DIV/0!,#¡DIV/0!,#¡DIV/0!,#¡DIV/0!,#¡DIV/0!,#¡DIV/0!
94,43,82,136,54,10,155,43,19,149,176,359,161,74,1,6,186,197,van,,,#¡DIV/0!,#¡DIV/0!,#¡DIV/0!,#¡DIV/0!,#¡DIV/0!,#¡DIV/0!,#¡DIV/0!,#¡DIV/0!,#¡DIV/0!,#¡DIV/0!,#¡DIV/0!,#¡DIV/0!,#¡DIV/0!,#¡DIV/0!,#¡DIV/0!,#¡DIV/0!,#¡DIV/0!,#¡DIV/0!
88,36,53,113,57,3,118,57,17,128,137,204,136,88,7,14,180,183,van,,,#¡DIV/0!,#¡DIV/0!,#¡DIV/0!,#¡DIV/0!,#¡DIV/0!,#¡DIV/0!,#¡DIV/0!,#¡DIV/0!,#¡DIV/0!,#¡DIV/0!,#¡DIV/0!,#¡DIV/0!,#¡DIV/0!,#¡DIV/0!,#¡DIV/0!,#¡DIV/0!,#¡DIV/0!,#¡DIV/0!
95,46,92,159,63,11,160,42,20,157,176,372,171,70,7,21,189,200,van,,,#¡DIV/0!,#¡DIV/0!,#¡DIV/0!,#¡DIV/0!,#¡DIV/0!,#¡DIV/0!,#¡DIV/0!,#¡DIV/0!,#¡DIV/0!,#¡DIV/0!,#¡DIV/0!,#¡DIV/0!,#¡DIV/0!,#¡DIV/0!,#¡DIV/0!,#¡DIV/0!,#¡DIV/0!,#¡DIV/0!
89,38,74,138,59,7,136,49,18,133,167,278,128,72,7,7,189,193,van,,,#¡DIV/0!,#¡DIV/0!,#¡DIV/0!,#¡DIV/0!,#¡DIV/0!,#¡DIV/0!,#¡DIV/0!,#¡DIV/0!,#¡DIV/0!,#¡DIV/0!,#¡DIV/0!,#¡DIV/0!,#¡DIV/0!,#¡DIV/0!,#¡DIV/0!,#¡DIV/0!,#¡DIV/0!,#¡DIV/0!
88,39,76,155,62,8,137,48,18,137,156,281,124,63,3,6,201,209,van,,,#¡DIV/0!,#¡DIV/0!,#¡DIV/0!,#¡DIV/0!,#¡DIV/0!,#¡DIV/0!,#¡DIV/0!,#¡DIV/0!,#¡DIV/0!,#¡DIV/0!,#¡DIV/0!,#¡DIV/0!,#¡DIV/0!,#¡DIV/0!,#¡DIV/0!,#¡DIV/0!,#¡DIV/0!,#¡DIV/0!
93,40,73,139,58,6,136,49,18,138,166,275,137,73,0,0,187,188,van,,,#¡DIV/0!,#¡DIV/0!,#¡DIV/0!,#¡DIV/0!,#¡DIV/0!,#¡DIV/0!,#¡DIV/0!,#¡DIV/0!,#¡DIV/0!,#¡DIV/0!,#¡DIV/0!,#¡DIV/0!,#¡DIV/0!,#¡DIV/0!,#¡DIV/0!,#¡DIV/0!,#¡DIV/0!,#¡DIV/0!
90,43,81,231,97,46,150,45,19,149,200,332,164,91,5,9,186,196,van,,,#¡DIV/0!,#¡DIV/0!,#¡DIV/0!,#¡DIV/0!,#¡DIV/0!,#¡DIV/0!,#¡DIV/0!,#¡DIV/0!,#¡DIV/0!,#¡DIV/0!,#¡DIV/0!,#¡DIV/0!,#¡DIV/0!,#¡DIV/0!,#¡DIV/0!,#¡DIV/0!,#¡DIV/0!,#¡DIV/0!
89,41,63,134,59,6,123,55,17,137,148,223,150,76,12,3,186,188,van,,,#¡DIV/0!,#¡DIV/0!,#¡DIV/0!,#¡DIV/0!,#¡DIV/0!,#¡DIV/0!,#¡DIV/0!,#¡DIV/0!,#¡DIV/0!,#¡DIV/0!,#¡DIV/0!,#¡DIV/0!,#¡DIV/0!,#¡DIV/0!,#¡DIV/0!,#¡DIV/0!,#¡DIV/0!,#¡DIV/0!
90,39,57,114,48,7,135,51,18,139,155,261,151,85,12,8,183,182,van,,,#¡DIV/0!,#¡DIV/0!,#¡DIV/0!,#¡DIV/0!,#¡DIV/0!,#¡DIV/0!,#¡DIV/0!,#¡DIV/0!,#¡DIV/0!,#¡DIV/0!,#¡DIV/0!,#¡DIV/0!,#¡DIV/0!,#¡DIV/0!,#¡DIV/0!,#¡DIV/0!,#¡DIV/0!,#¡DIV/0!
98,44,88,176,67,10,158,43,20,149,173,367,154,66,14,9,194,202,van,,,#¡DIV/0!,#¡DIV/0!,#¡DIV/0!,#¡DIV/0!,#¡DIV/0!,#¡DIV/0!,#¡DIV/0!,#¡DIV/0!,#¡DIV/0!,#¡DIV/0!,#¡DIV/0!,#¡DIV/0!,#¡DIV/0!,#¡DIV/0!,#¡DIV/0!,#¡DIV/0!,#¡DIV/0!,#¡DIV/0!
86,40,66,139,59,7,122,54,17,139,145,225,143,63,7,11,202,208,van,,,#¡DIV/0!,#¡DIV/0!,#¡DIV/0!,#¡DIV/0!,#¡DIV/0!,#¡DIV/0!,#¡DIV/0!,#¡DIV/0!,#¡DIV/0!,#¡DIV/0!,#¡DIV/0!,#¡DIV/0!,#¡DIV/0!,#¡DIV/0!,#¡DIV/0!,#¡DIV/0!,#¡DIV/0!,#¡DIV/0!
88,34,58,140,59,6,127,52,18,130,148,243,113,63,4,10,199,206,van,,,#¡DIV/0!,#¡DIV/0!,#¡DIV/0!,#¡DIV/0!,#¡DIV/0!,#¡DIV/0!,#¡DIV/0!,#¡DIV/0!,#¡DIV/0!,#¡DIV/0!,#¡DIV/0!,#¡DIV/0!,#¡DIV/0!,#¡DIV/0!,#¡DIV/0!,#¡DIV/0!,#¡DIV/0!,#¡DIV/0!
